Role,Salary,Demand,Growth,Industry
Data Analyst,6-12 LPA,High,High,Analytics
Data Scientist,12-25 LPA,Very High,Excellent,AI & Data
Machine Learning Engineer,15-30 LPA,Very High,Excellent,AI & Data
AI Engineer,18-35 LPA,Very High,Excellent,Generative AI
Data Engineer,12-28 LPA,Very High,Excellent,Data Platforms
Business Analyst,7-15 LPA,High,High,Business Intelligence
Software Engineer,6-20 LPA,High,High,Software Development
Backend Developer,8-20 LPA,High,High,Web Development
Frontend Developer,6-18 LPA,High,High,Web Development
Full Stack Developer,8-22 LPA,Very High,Excellent,Software Development
Cloud Engineer,10-25 LPA,Very High,Excellent,Cloud Computing
DevOps Engineer,12-28 LPA,Very High,Excellent,Cloud & DevOps
Cybersecurity Analyst,8-20 LPA,Very High,Excellent,Cybersecurity
Database Administrator,6-15 LPA,Medium,High,Databases
Product Analyst,8-18 LPA,High,High,Product Management
Mobile App Developer,8-20 LPA,High,High,Mobile Development
Blockchain Developer,15-30 LPA,Medium,High,Blockchain
UI/UX Designer,6-16 LPA,High,High,Design
